{
  "model": "cnn",
  "last_trained": "2026-02-16T15:51:41.624768+00:00",
  "epochs_trained": 5,
  "val_loss": 0.9983306514973543,
  "val_dir_acc": 0.5347610676042832,
  "test_loss": 1.006016304095586,
  "test_dir_acc": 0.5236608215229401,
  "train_samples": 35775,
  "val_samples": 6257,
  "test_samples": 8326,
  "device": "cpu"
}