{
  "model_type": "lightgbm_crash_regime_v2",
  "regime": "CRASH",
  "best_horizon": "2bar_10min",
  "val_accuracy": 0.5209770114942529,
  "test_accuracy": 0.5294765576361286,
  "val_auc": 0.5290141879589803,
  "test_auc": 0.5432357514031918,
  "pred_std": 0.023206868584750965,
  "best_round": 13,
  "n_features": 51,
  "feature_names": [
    "return_1bar",
    "return_6bar",
    "return_12bar",
    "return_48bar",
    "return_288bar",
    "vol_12bar",
    "vol_48bar",
    "vol_ratio",
    "volume_surge",
    "volume_trend",
    "consecutive_red",
    "drawdown_24h",
    "rsi_14_norm",
    "bb_pct_b",
    "vwap_distance",
    "spx_return_1d",
    "spx_vs_sma",
    "vix_norm",
    "vix_change",
    "vix_extreme",
    "dxy_return_1d",
    "dxy_trend",
    "yield_level",
    "yield_change",
    "fng_norm",
    "spx_return_5m",
    "spx_return_30m",
    "spx_return_1h",
    "vix_return_5m",
    "vix_return_30m",
    "vix_level_5m",
    "ndx_return_5m",
    "ndx_return_30m",
    "spx_vix_diverge",
    "macro_momentum_5m",
    "macro_momentum_30m",
    "funding_z",
    "funding_extreme_long",
    "funding_extreme_short",
    "oi_change_1h",
    "oi_change_4h",
    "oi_spike",
    "ls_ratio_norm",
    "ls_extreme_long",
    "taker_imbalance",
    "eth_return_1bar",
    "eth_return_6bar",
    "eth_btc_ratio_change",
    "btc_lead_1",
    "btc_lead_2",
    "btc_lead_3"
  ],
  "feature_importance": {
    "bb_pct_b": 3784.394317626953,
    "return_1bar": 957.0864915847778,
    "consecutive_red": 572.1988048553467,
    "btc_lead_1": 502.77030181884766,
    "return_48bar": 443.93960189819336,
    "yield_level": 435.421594619751,
    "spx_return_1d": 413.752893447876,
    "rsi_14_norm": 401.32109928131104,
    "return_12bar": 394.51209926605225,
    "return_6bar": 394.1219005584717,
    "vix_change": 269.5010995864868,
    "spx_vs_sma": 262.31700134277344,
    "drawdown_24h": 235.95059776306152,
    "vwap_distance": 222.56310081481934,
    "vol_ratio": 200.5709981918335,
    "eth_btc_ratio_change": 197.8960018157959,
    "yield_change": 167.3465976715088,
    "vol_12bar": 145.81429958343506,
    "return_288bar": 143.59789848327637,
    "vix_norm": 143.5402011871338,
    "volume_trend": 142.90170097351074,
    "volume_surge": 110.53429985046387,
    "funding_z": 104.87170028686523,
    "fng_norm": 85.6294002532959,
    "dxy_return_1d": 73.88220119476318,
    "btc_lead_2": 72.33370113372803,
    "eth_return_1bar": 60.94339942932129,
    "eth_return_6bar": 56.485899925231934,
    "dxy_trend": 54.12790012359619,
    "vol_48bar": 41.34359931945801,
    "btc_lead_3": 13.30519962310791,
    "vix_extreme": 0.0,
    "spx_return_5m": 0.0,
    "spx_return_30m": 0.0,
    "spx_return_1h": 0.0,
    "vix_return_5m": 0.0,
    "vix_return_30m": 0.0,
    "vix_level_5m": 0.0,
    "ndx_return_5m": 0.0,
    "ndx_return_30m": 0.0,
    "spx_vix_diverge": 0.0,
    "macro_momentum_5m": 0.0,
    "macro_momentum_30m": 0.0,
    "funding_extreme_long": 0.0,
    "funding_extreme_short": 0.0,
    "oi_change_1h": 0.0,
    "oi_change_4h": 0.0,
    "oi_spike": 0.0,
    "ls_ratio_norm": 0.0,
    "ls_extreme_long": 0.0,
    "taker_imbalance": 0.0
  },
  "horizon_comparison": {
    "2bar_10min": {
      "val_acc": 0.5209770114942529,
      "test_acc": 0.5294765576361286,
      "val_auc": 0.5290141879589803,
      "test_auc": 0.5432357514031918
    },
    "1bar_5min": {
      "val_acc": 0.521264367816092,
      "test_acc": 0.5221493223504622,
      "val_auc": 0.5295608072148764,
      "test_auc": 0.5352396890374209
    },
    "6bar_30min": {
      "val_acc": 0.5238505747126436,
      "test_acc": 0.5262200086202768,
      "val_auc": 0.5321692492455291,
      "test_auc": 0.540814447527463
    }
  },
  "train_rows": 205729,
  "val_rows": 20880,
  "test_rows": 20881,
  "crash_periods": [
    [
      "2018-01-07",
      "2018-12-15"
    ],
    [
      "2021-11-10",
      "2022-11-21"
    ],
    [
      "2025-10-06",
      "2026-02-28"
    ]
  ],
  "crash1_weight": 0.5,
  "params": {
    "objective": "binary",
    "metric": "binary_logloss",
    "boosting_type": "gbdt",
    "num_leaves": 31,
    "learning_rate": 0.05,
    "feature_fraction": 0.8,
    "bagging_fraction": 0.8,
    "bagging_freq": 5,
    "min_child_samples": 100,
    "lambda_l1": 0.1,
    "lambda_l2": 0.1,
    "verbose": -1
  },
  "trained_at": "2026-02-28T17:20:37.801712"
}